image_file,x0,y0,x1,y1,x2,y2,x3,y3,x4,y4,x5,y5,x6,y6,x7,y7,x8,y8,x9,y9,x10,y10,x11,y11,x12,y12,x13,y13,x14,y14,x15,y15,x16,y16,x17,y17,x18,y18
151.bmp,0.0,1.0,0.0,0.0015649452,0.0,0.0015649452,0.0,0.9953052,0.0,0.0015649452,0.0037546933,0.9984351,0.0,0.9968701,0.002503129,0.0,0.0,0.9984351,0.0,0.9984351,0.0,0.9984351,0.0,0.9968701,0.5206508,0.9984351,0.0012515645,0.0015649452,0.002503129,0.0015649452,0.002503129,0.0,0.0,0.0,0.0012515645,0.0031298904,0.0,0.9968701
152.bmp,0.0,1.0,0.0,0.0,0.0,0.0015649452,0.0012515645,0.9937402,0.0,0.0031298904,0.0,0.0,0.0,0.9968701,0.005006258,0.0015649452,0.0,0.9984351,0.0,0.9984351,0.0,0.9984351,0.0,0.9968701,0.0,0.9984351,0.002503129,0.0015649452,0.002503129,0.0046948357,0.002503129,0.0015649452,0.0,0.0,0.002503129,0.006259781,0.0012515645,0.9953052
153.bmp,0.0,1.0,0.0012515645,0.9984351,0.0012515645,0.006259781,0.0012515645,0.9937402,0.0012515645,0.0031298904,0.0037546933,0.9984351,0.0,0.9968701,0.0037546933,0.0,0.0,0.9984351,0.0,1.0,0.0012515645,0.9953052,0.0,0.9968701,0.0,0.9984351,0.0012515645,0.0015649452,0.0037546933,0.0015649452,0.002503129,0.0,0.0012515645,0.0,0.002503129,0.0046948357,0.0012515645,0.9953052
154.bmp,0.0,1.0,0.0,0.0,0.0012515645,0.0,0.0,0.9968701,0.0,0.9984351,0.002503129,0.9984351,0.0,0.9968701,0.002503129,0.0,0.0,0.0,0.0,1.0,0.0,0.9984351,0.0,0.9984351,0.0,1.0,0.0,0.9984351,0.0037546933,0.0015649452,0.0012515645,0.0,0.0,0.0,0.0012515645,0.0031298904,0.0,0.9984351
155.bmp,0.0,0.0031298904,0.0,0.0,0.0012515645,0.0015649452,0.0,0.9921753,0.0,1.0,0.0012515645,0.9968701,0.0,0.9953052,0.0,0.0015649452,0.0,0.0,0.0,0.0,0.0,0.9984351,0.0012515645,0.0015649452,0.0,0.0015649452,0.0,0.0,0.002503129,0.0015649452,0.0012515645,0.0,0.0,1.0,0.0037546933,0.0015649452,0.0,0.9968701
156.bmp,0.0,1.0,0.0,0.0015649452,0.0,0.0015649452,0.0012515645,0.9937402,0.0012515645,0.0015649452,0.0,0.0,0.0,0.9968701,0.0037546933,0.0,0.0,0.9984351,0.0,0.9984351,0.0012515645,0.9953052,0.0012515645,0.9968701,0.0,0.9984351,0.0,0.0015649452,0.002503129,0.0,0.002503129,0.0,0.0012515645,0.0,0.0012515645,0.0031298904,0.0012515645,0.9953052
157.bmp,0.0,0.0,0.0,0.0015649452,0.0012515645,0.0,0.0,0.9937402,0.0,0.9984351,0.0,0.9968701,0.0,0.0,0.0,0.0,0.0,0.0015649452,0.0,0.0,0.0,0.0,0.0,0.9968701,0.0,0.0015649452,0.0012515645,0.0,0.0012515645,1.0,0.0012515645,0.0,0.0012515645,0.0,0.0012515645,0.0015649452,0.0,0.9968701
158.bmp,0.0,1.0,0.0,0.9984351,0.0012515645,0.006259781,0.0,0.9921753,0.0012515645,0.0015649452,0.005006258,0.9968701,0.0012515645,0.9953052,0.005006258,0.0,0.0,0.9984351,0.0,0.9984351,0.0012515645,0.9953052,0.0,0.9968701,0.0,0.9968701,0.002503129,0.0,0.002503129,0.0015649452,0.002503129,0.0,0.0,0.9984351,0.002503129,0.0046948357,0.0,0.9984351
159.bmp,0.0,1.0,0.0,0.0,0.0012515645,0.0015649452,0.0,0.9921753,0.0,1.0,0.0037546933,0.9968701,0.0,0.9968701,0.0012515645,0.0,0.0,0.0,0.0,0.0,0.0,0.9953052,0.0,0.9968701,0.0,0.0015649452,0.0012515645,0.0,0.002503129,1.0,0.0,0.0,0.0,1.0,0.0012515645,0.0015649452,0.0,0.9968701
160.bmp,0.0,1.0,0.0,0.9984351,0.0012515645,0.006259781,0.0,0.9953052,0.0012515645,0.9984351,0.005006258,0.9984351,0.0,0.9968701,0.0037546933,0.0,0.0,0.9984351,0.0,0.9984351,0.0,0.9968701,0.0,0.9968701,0.0,0.9984351,0.0012515645,0.9984351,0.0037546933,0.0015649452,0.002503129,0.0,0.0012515645,0.0015649452,0.002503129,0.0046948357,0.0,0.9968701
161.bmp,0.0,1.0,0.0012515645,0.0015649452,0.0012515645,0.006259781,0.0012515645,0.9937402,0.0012515645,0.0015649452,0.0037546933,0.9984351,0.0,0.9968701,0.0037546933,0.0,0.0,0.9984351,0.0,0.9984351,0.0012515645,0.9953052,0.0,0.9968701,0.0,0.9968701,0.0012515645,0.0015649452,0.002503129,0.0015649452,0.002503129,0.0,0.0012515645,0.0,0.0012515645,0.0031298904,0.0012515645,0.9953052
162.bmp,0.0,1.0,0.0,0.0,0.0012515645,0.006259781,0.0012515645,0.9921753,0.0012515645,0.0031298904,0.005006258,0.9968701,0.0012515645,0.9953052,0.005006258,0.0,0.0012515645,0.9984351,0.0,0.9984351,0.0012515645,0.9937402,0.0012515645,0.9953052,0.0,0.9968701,0.0,0.0046948357,0.002503129,0.0031298904,0.002503129,0.0,0.0012515645,0.0,0.002503129,0.006259781,0.0012515645,0.9937402
163.bmp,0.0012515645,0.9984351,0.0,0.0031298904,0.0,0.0015649452,0.0,0.9937402,0.0,0.9984351,0.0037546933,1.0,0.0,0.9968701,0.0037546933,0.0,0.0,0.9984351,0.0,0.9984351,0.0,0.9968701,0.0,0.9968701,0.0,0.9984351,0.0012515645,0.0015649452,0.002503129,0.0031298904,0.0012515645,0.0015649452,0.0,0.0,0.0012515645,0.0046948357,0.0,0.9953052
164.bmp,0.0,0.0015649452,0.0,0.0,0.0012515645,0.0015649452,0.0,0.9937402,0.0,1.0,0.005006258,0.9984351,0.0,0.9968701,0.002503129,0.0015649452,0.0,0.0015649452,0.0,0.9968701,0.0,0.9937402,0.0,0.9953052,0.0,0.0015649452,0.0012515645,0.0,0.002503129,0.0046948357,0.0,0.0,0.0012515645,0.0015649452,0.0037546933,0.0015649452,0.0,0.9968701
165.bmp,0.0,0.0,0.0,1.0,0.0,0.0015649452,0.0,0.9953052,0.0,0.0031298904,0.005006258,1.0,0.0,0.9968701,0.0037546933,0.0,0.0,0.0,0.0,1.0,0.0,0.9984351,0.0,0.9984351,0.0,0.0,0.0,0.9984351,0.002503129,0.0046948357,0.0,1.0,0.0012515645,0.0,0.0,0.9984351,0.0,0.9984351
166.bmp,0.0,1.0,0.0,0.0,0.0012515645,0.0,0.0,0.9968701,0.0,0.9984351,0.002503129,1.0,0.0,0.9968701,0.0012515645,0.0,0.0,0.0,0.0,1.0,0.0,0.9984351,0.0,0.9984351,0.0,0.0015649452,0.0,1.0,0.0037546933,0.0015649452,0.0012515645,0.0,0.0012515645,0.0,0.0,1.0,0.0,0.9984351
167.bmp,0.0,1.0,0.0,0.0,0.0012515645,0.006259781,0.0012515645,0.9937402,0.0012515645,0.0031298904,0.0,0.0,0.0,0.9968701,0.0037546933,0.0031298904,0.0,0.9984351,0.0,0.9984351,0.0012515645,0.9953052,0.0,0.9968701,0.0,0.9984351,0.0,0.0015649452,0.002503129,0.0031298904,0.002503129,0.0,0.0012515645,0.0,0.002503129,0.006259781,0.0,0.9968701
168.bmp,0.0,1.0,0.0,0.9984351,0.0012515645,0.006259781,0.0,0.9953052,0.0012515645,0.9984351,0.005006258,0.9984351,0.0,0.9968701,0.0037546933,0.0,0.0,0.9984351,0.0,0.9984351,0.0,0.9984351,0.0,0.9968701,0.0,0.9984351,0.0012515645,0.0015649452,0.0037546933,0.0015649452,0.002503129,0.0,0.0012515645,0.0,0.0037546933,0.0,0.0,0.9968701
169.bmp,0.0,1.0,0.0,0.0031298904,0.0012515645,0.006259781,0.0012515645,0.9937402,0.0012515645,0.0015649452,0.0,0.0,0.0012515645,0.9953052,0.002503129,0.0,0.0,0.9984351,0.0,0.9984351,0.0012515645,0.9953052,0.0012515645,0.9968701,0.0,0.9968701,0.0012515645,0.0015649452,0.0037546933,0.0015649452,0.002503129,0.0,0.0012515645,0.0,0.002503129,0.0031298904,0.0012515645,0.9953052
170.bmp,0.0,0.0,0.0,0.0,0.0,0.0015649452,0.0,1.0,0.0,0.0,0.002503129,1.0,0.0,0.9984351,0.002503129,0.0,0.6232791,0.0015649452,0.0,1.0,0.0,0.9984351,0.0,1.0,0.0,0.0,0.0012515645,0.0,0.0,1.0,0.0,0.0,0.0,0.0,0.0,1.0,0.0,0.9984351
171.bmp,0.0,1.0,0.0,0.0015649452,0.0,0.0015649452,0.0012515645,0.9937402,0.002503129,0.0015649452,0.0037546933,0.9984351,0.0,0.9968701,0.0012515645,0.0015649452,0.0012515645,0.9984351,0.0,0.9984351,0.002503129,0.9937402,0.0012515645,0.9953052,0.0,0.9968701,0.0,0.0015649452,0.0037546933,0.0,0.002503129,0.0,0.0012515645,0.0,0.0012515645,0.0031298904,0.0012515645,0.9953052
172.bmp,0.0,1.0,0.0,0.0,0.0012515645,0.006259781,0.0012515645,0.9921753,0.0012515645,0.0031298904,0.0012515645,1.0,0.0012515645,0.9953052,0.0037546933,0.0,0.0,0.9984351,0.0,0.9984351,0.0012515645,0.9953052,0.0012515645,0.9953052,0.0,0.9968701,0.0012515645,0.0015649452,0.002503129,0.0015649452,0.002503129,0.0,0.0,0.0,0.0012515645,0.0046948357,0.0012515645,0.9937402
173.bmp,0.0,0.0,0.0,0.0031298904,0.0,0.0015649452,0.0012515645,0.9937402,0.0,0.0031298904,0.005006258,1.0,0.0,0.9968701,0.0062578223,0.0015649452,0.0,0.9984351,0.0012515645,0.9984351,0.0,0.9968701,0.0,0.9953052,0.0,0.9984351,0.0,0.0046948357,0.0012515645,0.0046948357,0.0,0.0,0.0,0.0,0.0037546933,0.007824726,0.0,0.9953052
174.bmp,0.0,0.9984351,0.0,0.9984351,0.0,0.0015649452,0.0,0.9937402,0.0012515645,0.0015649452,0.0012515645,0.0,0.0,0.9953052,0.0012515645,0.0,0.0,0.9984351,0.0,0.9984351,0.0,0.9968701,0.0,0.9968701,0.0,0.0,0.0,0.0015649452,0.002503129,0.0,0.0012515645,0.0,0.0,0.0,0.0,0.0015649452,0.0,0.9953052
175.bmp,0.0,1.0,0.0,0.0015649452,0.0,0.0015649452,0.0,0.9937402,0.0,0.0015649452,0.0037546933,0.9968701,0.0,0.9953052,0.0037546933,0.0,0.0,0.9984351,0.0,0.9984351,0.0012515645,0.9953052,0.0,0.9953052,0.0,0.9968701,0.0012515645,0.0,0.002503129,0.0015649452,0.002503129,0.0,0.0,0.0,0.0012515645,0.0046948357,0.0,0.9953052
176.bmp,0.0,0.0,0.0012515645,0.9984351,0.0012515645,0.006259781,0.0012515645,0.9937402,0.0,0.0,0.005006258,0.9984351,0.0,0.9968701,0.005006258,0.0015649452,0.0,0.9984351,0.0,0.9984351,0.0012515645,0.9968701,0.0,0.9968701,0.0,0.0,0.0012515645,0.0,0.002503129,0.0031298904,0.002503129,0.0015649452,0.0,0.0,0.002503129,0.006259781,0.0,0.9968701
177.bmp,0.0,0.9984351,0.0,0.9984351,0.0012515645,0.007824726,0.0,0.9937402,0.0012515645,0.0031298904,0.005006258,0.9984351,0.0,0.9968701,0.005006258,0.0,0.0,0.9984351,0.0,0.9984351,0.0,0.9968701,0.0,0.9968701,0.0,0.9984351,0.002503129,0.9984351,0.0037546933,0.0046948357,0.0,0.9984351,0.0012515645,0.0,0.0037546933,0.006259781,0.0,0.9968701
178.bmp,0.0,1.0,0.0012515645,0.9984351,0.0,0.006259781,0.0,0.9937402,0.0,0.0015649452,0.005006258,0.9984351,0.0,0.9968701,0.005006258,0.0,0.0,0.9984351,0.0,0.9984351,0.0,0.9984351,0.0,0.9968701,0.0,0.0,0.0012515645,0.0,0.002503129,0.0031298904,0.002503129,0.0,0.002503129,0.9984351,0.002503129,0.006259781,0.0,0.9968701
179.bmp,0.0,1.0,0.0012515645,0.9984351,0.0,0.0015649452,0.0,0.9953052,0.0012515645,0.0015649452,0.002503129,0.9984351,0.0,0.9968701,0.002503129,0.0,0.0,0.9984351,0.0,0.9984351,0.0012515645,0.9953052,0.0,0.9968701,0.0,0.9968701,0.0037546933,0.0,0.002503129,0.0015649452,0.002503129,0.0,0.0012515645,0.0,0.0012515645,0.0031298904,0.0,0.9953052
180.bmp,0.0,1.0,0.0,0.0,0.0012515645,0.006259781,0.0,0.9937402,0.0012515645,0.0031298904,0.0,0.0,0.0,0.9968701,0.0037546933,0.0031298904,0.0,0.9984351,0.0,0.9984351,0.0012515645,0.9953052,0.0,0.9968701,0.0,0.0,0.0,0.0046948357,0.002503129,0.0031298904,0.0037546933,0.0,0.0012515645,0.0,0.002503129,0.0046948357,0.0,0.9984351
181.bmp,0.0,1.0,0.0,0.0,0.0012515645,0.0,0.0,0.9968701,0.0012515645,0.0015649452,0.0,0.0,0.0,0.9968701,0.0012515645,0.0,0.0,0.0,0.0,1.0,0.0,0.9984351,0.0,0.9984351,0.0,1.0,0.0,1.0,0.0,0.9984351,0.0012515645,0.0,0.0,0.0,0.0012515645,0.0031298904,0.0,0.9984351
182.bmp,0.0,1.0,0.0,0.9984351,0.0,0.0015649452,0.0,0.9937402,0.0,0.0031298904,0.005006258,0.9984351,0.0,0.9968701,0.005006258,0.0,0.0,0.9984351,0.0,0.9984351,0.0,0.9968701,0.0,0.9968701,0.0,0.9984351,0.002503129,0.0015649452,0.002503129,0.0046948357,0.002503129,0.0,0.0,0.0,0.002503129,0.006259781,0.0,0.9968701
183.bmp,0.0,0.9984351,0.0,1.0,0.0,0.0015649452,0.0,0.9953052,0.0012515645,0.9984351,0.0062578223,0.9984351,0.0,0.9968701,0.005006258,0.0,0.0,0.9984351,0.0,0.9984351,0.0,0.9968701,0.0,0.9968701,0.0,0.0,0.0,0.9984351,0.0,0.9984351,0.0,1.0,0.0,0.9984351,0.0,0.9984351,0.0,0.9968701
184.bmp,0.0,1.0,0.0012515645,0.9984351,0.0012515645,0.006259781,0.0,0.9937402,0.0012515645,0.9984351,0.0037546933,1.0,0.0,0.9968701,0.0037546933,0.0031298904,0.0,0.9984351,0.0,0.9984351,0.0012515645,0.9968701,0.0,0.9968701,0.0,0.9984351,0.0,0.0046948357,0.002503129,0.0031298904,0.0012515645,1.0,0.0,0.0,0.002503129,0.006259781,0.0,0.9968701
185.bmp,0.0,1.0,0.0,0.0,0.0012515645,0.0,0.0,0.9968701,0.0,0.9984351,0.0037546933,1.0,0.0,0.9968701,0.002503129,0.0,0.0,0.0,0.0,1.0,0.0,0.9984351,0.0,0.9984351,0.0,1.0,0.0012515645,1.0,0.0,0.9984351,0.002503129,0.0,0.0,0.9984351,0.0,0.9984351,0.0,0.9984351
186.bmp,0.0,1.0,0.0,0.9984351,0.0,0.0015649452,0.0,0.9968701,0.0,0.9984351,0.0037546933,1.0,0.0,0.9968701,0.002503129,0.0031298904,0.0,0.9984351,0.0,1.0,0.0,0.9984351,0.0,0.9968701,0.0,0.9984351,0.0,0.9984351,0.002503129,0.0015649452,0.0012515645,0.0015649452,0.0,0.0,0.0012515645,0.0046948357,0.0,0.9968701
187.bmp,0.0012515645,0.0,0.0,1.0,0.0,0.006259781,0.0012515645,1.0,0.0,1.0,0.0,0.0,0.0012515645,0.9984351,0.0012515645,1.0,0.0,0.0,0.0,1.0,0.0,1.0,0.0,0.9984351,0.0,0.0,0.0,1.0,0.0012515645,0.0015649452,0.0,1.0,0.0,1.0,0.0,1.0,0.0,1.0
188.bmp,0.0,1.0,0.0,0.0015649452,0.0,0.0015649452,0.0012515645,0.9937402,0.0012515645,0.0015649452,0.0,0.0,0.0,0.9968701,0.002503129,0.0,0.0,0.9984351,0.0,0.9984351,0.0012515645,0.9968701,0.0,0.9968701,0.0,0.9984351,0.0012515645,0.0015649452,0.002503129,0.0015649452,0.0012515645,0.0,0.0,0.0,0.0012515645,0.0031298904,0.0012515645,0.9953052
189.bmp,0.0,1.0,0.0012515645,0.9984351,0.0,0.006259781,0.0,0.9953052,0.0,0.0,0.002503129,1.0,0.0,0.9968701,0.002503129,0.0,0.0,0.9984351,0.0,1.0,0.0012515645,0.9968701,0.0,0.9968701,0.0,0.9984351,0.0012515645,0.0015649452,0.002503129,0.0015649452,0.0012515645,0.0,0.0,0.0,0.0012515645,0.0046948357,0.0,0.9968701
190.bmp,0.0,1.0,0.0,0.9984351,0.0,0.0046948357,0.0,0.9953052,0.0,0.0015649452,0.002503129,0.9984351,0.0,0.9968701,0.002503129,0.0,0.620776,1.0,0.0,1.0,0.0,0.9984351,0.0,0.9968701,0.620776,0.9984351,0.0012515645,0.0015649452,0.002503129,0.0015649452,0.0,1.0,0.0,0.0,0.0012515645,0.0031298904,0.0,0.9968701
191.bmp,0.0,0.0,0.0,0.0015649452,0.0,0.0046948357,0.0,0.9953052,0.0012515645,0.0015649452,0.002503129,0.9984351,0.0,0.9968701,0.0012515645,0.0015649452,0.0,1.0,0.0,1.0,0.0,0.9984351,0.0,0.9984351,0.0,0.0015649452,0.0012515645,0.0015649452,0.002503129,0.0,0.0,1.0,0.0,0.0,0.0012515645,0.0031298904,0.0,0.9968701
192.bmp,0.0,1.0,0.0,1.0,0.0012515645,0.006259781,0.0,0.9968701,0.0012515645,0.0031298904,0.0037546933,1.0,0.0,0.9968701,0.0037546933,0.0,0.0,0.9984351,0.0,0.9984351,0.0,0.9984351,0.0,0.9968701,0.0,0.0,0.0,0.0046948357,0.002503129,0.0031298904,0.002503129,0.0,0.0,0.9984351,0.0,0.9984351,0.0,0.9984351
193.bmp,0.0,1.0,0.0,1.0,0.0,0.0,0.0,0.9968701,0.0,0.0,0.0037546933,1.0,0.0,0.9968701,0.002503129,0.0,0.0,0.0,0.0,1.0,0.0,0.9984351,0.0,0.9984351,0.0,0.0,0.0,1.0,0.002503129,0.0031298904,0.0,1.0,0.0,0.0,0.0,0.9984351,0.0,0.9984351
194.bmp,0.0,0.0,0.0,0.0,0.0,0.0015649452,0.0,0.0,0.0,0.0,0.005006258,1.0,0.0,0.9968701,0.0037546933,0.0031298904,0.0,0.0,0.0,1.0,0.0,0.9984351,0.0,0.0,0.0,0.0,0.002503129,0.0,0.002503129,0.0046948357,0.0012515645,0.0,0.0,1.0,0.002503129,0.0,0.0,0.9984351
195.bmp,0.0,1.0,0.0,1.0,0.0012515645,0.006259781,0.0,0.9968701,0.0,0.9984351,0.005006258,1.0,0.0,0.9968701,0.0037546933,0.0,0.0,0.0,0.0,1.0,0.0,0.9984351,0.0,0.9968701,0.0,0.0,0.0,0.9984351,0.0037546933,0.0031298904,0.0,1.0,0.0012515645,0.0,0.0,0.9984351,0.0,0.9984351
196.bmp,0.0,1.0,0.0,0.0031298904,0.0012515645,0.006259781,0.0012515645,0.9937402,0.0012515645,0.0031298904,0.0,0.0,0.0,0.9968701,0.0037546933,0.0015649452,0.0,0.9984351,0.0,0.9984351,0.0,0.9984351,0.0,0.9968701,0.0,0.9984351,0.0,0.0046948357,0.002503129,0.0015649452,0.002503129,0.0015649452,0.0012515645,0.0,0.0012515645,0.0046948357,0.0,0.9968701
197.bmp,0.0,1.0,0.0,0.0,0.0012515645,0.0046948357,0.0,0.9968701,0.0,0.9984351,0.0037546933,1.0,0.0,0.9968701,0.002503129,0.0031298904,0.0,0.9984351,0.0,0.9984351,0.0,0.9968701,0.0,0.9968701,0.0,0.0,0.0,0.0015649452,0.002503129,0.9984351,0.0012515645,0.0,0.0,0.9984351,0.0,0.9984351,0.0,0.9984351
198.bmp,0.0,1.0,0.0,1.0,0.0,0.0015649452,0.0,0.9968701,0.0012515645,0.0031298904,0.005006258,1.0,0.0,0.9968701,0.0037546933,0.0,0.0,1.0,0.0,1.0,0.0,0.9968701,0.0,0.9968701,0.0,1.0,0.0,0.9984351,0.0037546933,0.0031298904,0.0,1.0,0.0,0.9984351,0.0037546933,0.0,0.0,0.9984351
199.bmp,0.0,0.9984351,0.0,1.0,0.0012515645,0.006259781,0.0,0.9953052,0.0,0.9984351,0.005006258,0.9984351,0.0,0.9968701,0.005006258,0.0,0.0,0.9984351,0.0,0.9984351,0.0,0.9984351,0.0,0.9968701,0.0,1.0,0.0012515645,0.9984351,0.0037546933,0.0031298904,0.002503129,0.0,0.0,1.0,0.0037546933,0.006259781,0.0,0.9968701
200.bmp,0.0,1.0,0.0,0.9984351,0.0012515645,0.006259781,0.0,0.9953052,0.0,0.9984351,0.005006258,0.9984351,0.0,0.9968701,0.0037546933,0.0,0.0,0.9984351,0.0,0.9984351,0.0,0.9968701,0.0,0.9968701,0.0,0.9984351,0.0,0.9984351,0.002503129,0.0031298904,0.002503129,0.0015649452,0.0,0.9968701,0.002503129,0.006259781,0.0,0.9968701
201.bmp,0.0,1.0,0.0,0.0015649452,0.0012515645,0.0015649452,0.0,0.9937402,0.0012515645,0.0015649452,0.002503129,0.9984351,0.0,0.9968701,0.0012515645,0.0,0.0,0.0,0.0,1.0,0.0,0.9968701,0.0,0.9984351,0.0,1.0,0.0012515645,1.0,0.002503129,0.0,0.0012515645,0.0,0.0012515645,0.9984351,0.0037546933,0.0,0.0,0.9968701
202.bmp,0.0,1.0,0.0,1.0,0.0012515645,0.006259781,0.0,0.9968701,0.0,0.9984351,0.005006258,1.0,0.0,0.9968701,0.0037546933,0.0,0.0,0.9984351,0.0,0.9984351,0.0,0.9968701,0.0,0.9968701,0.0,0.0,0.0,1.0,0.002503129,0.0031298904,0.0,1.0,0.0,0.9984351,0.0,0.9984351,0.0,0.9984351
203.bmp,0.0,0.9984351,0.0,1.0,0.0012515645,0.006259781,0.0,0.9953052,0.0,0.9984351,0.005006258,0.9984351,0.0,0.9968701,0.0037546933,0.0,0.0,0.9984351,0.0,0.9984351,0.0,0.9984351,0.0,0.9968701,0.0,1.0,0.002503129,1.0,0.0037546933,0.0031298904,0.002503129,0.0,0.0012515645,0.0,0.002503129,0.006259781,0.0,0.9968701
204.bmp,0.0,1.0,0.0012515645,0.0015649452,0.0012515645,0.006259781,0.0,0.9937402,0.0012515645,0.0015649452,0.0,0.0,0.0,0.9968701,0.0037546933,0.0,0.0,0.9984351,0.0,0.9984351,0.0,0.9984351,0.0,0.9968701,0.0,0.9984351,0.0012515645,0.0015649452,0.002503129,0.0015649452,0.002503129,0.0,0.0,0.0,0.0012515645,0.0046948357,0.0,0.9968701
205.bmp,0.0,1.0,0.0,0.0,0.0012515645,0.0,0.0012515645,0.9937402,0.0012515645,0.0015649452,0.0,0.0,0.0,0.9968701,0.002503129,0.0,0.0,0.9984351,0.0,0.9984351,0.0,0.9984351,0.0,0.9968701,0.0,0.9968701,0.0,0.0015649452,0.002503129,0.0,0.002503129,0.0,0.0012515645,0.0,0.0012515645,0.0031298904,0.0,0.9968701
206.bmp,0.0,0.0,0.0,0.0031298904,0.0,0.0015649452,0.0,0.9937402,0.0,0.0031298904,0.0037546933,1.0,0.0,0.9968701,0.002503129,0.0031298904,0.0,0.9984351,0.0,0.9984351,0.0012515645,0.9953052,0.0,0.9968701,0.0,0.9984351,0.0012515645,0.0015649452,0.002503129,0.0031298904,0.002503129,0.0,0.0,0.0,0.0012515645,0.0046948357,0.0,0.9953052
207.bmp,0.0,1.0,0.0,0.0015649452,0.0012515645,0.0,0.0,0.9968701,0.0012515645,0.0015649452,0.002503129,1.0,0.0,0.9968701,0.0012515645,0.0,0.0,1.0,0.0,1.0,0.0,0.9984351,0.0,0.9984351,0.0,1.0,0.0,1.0,0.002503129,0.0,0.0012515645,0.0,0.0,0.0,0.0012515645,0.0031298904,0.0,0.9984351
208.bmp,0.0,1.0,0.0,1.0,0.0012515645,0.0046948357,0.0,0.9968701,0.0,0.9984351,0.0,0.0,0.0,0.9968701,0.0037546933,0.0031298904,0.0,0.9984351,0.0,0.9984351,0.0,0.9984351,0.0,0.9968701,0.0,0.0,0.0,1.0,0.002503129,0.0015649452,0.0,1.0,0.0,0.9984351,0.0,0.9984351,0.0,0.9984351
209.bmp,0.0,0.9984351,0.0,0.9984351,0.0012515645,0.006259781,0.0,0.9953052,0.0,0.9984351,0.005006258,0.9984351,0.0,0.9968701,0.0037546933,0.0,0.0,0.9984351,0.0,0.9984351,0.0,0.9968701,0.0,0.9968701,0.0,0.9984351,0.0012515645,0.9984351,0.0037546933,0.0031298904,0.002503129,0.0,0.0,1.0,0.002503129,0.0046948357,0.0,0.9968701
210.bmp,0.0,1.0,0.0,0.9984351,0.0012515645,0.006259781,0.0,0.9953052,0.0,0.9984351,0.0062578223,0.9984351,0.0,0.9968701,0.005006258,0.0,0.0,0.9984351,0.0,0.9984351,0.0,0.9984351,0.0,0.9968701,0.0,0.9984351,0.0012515645,0.9984351,0.002503129,0.0046948357,0.0,0.9984351,0.0012515645,0.0,0.002503129,0.006259781,0.0,0.9968701
211.bmp,0.0,1.0,0.0,1.0,0.0012515645,0.006259781,0.0,0.9953052,0.0,0.9984351,0.005006258,0.9984351,0.0,0.9968701,0.0037546933,0.0,0.0,0.9984351,0.0,0.9984351,0.0,0.9984351,0.0,0.9968701,0.0,0.9984351,0.0,0.9984351,0.0037546933,0.0031298904,0.002503129,0.0,0.0012515645,0.0,0.002503129,0.0046948357,0.0,0.9968701
212.bmp,0.0,0.0,0.0,0.0015649452,0.0,0.0031298904,0.0,0.9984351,0.0,1.0,0.002503129,1.0,0.0,0.9984351,0.0012515645,0.0,0.0,0.0,0.0,1.0,0.0,0.9984351,0.0,0.0,0.55569464,1.0,0.0,1.0,0.002503129,0.9984351,0.0012515645,0.0,0.0,1.0,0.0,1.0,0.0,0.9984351
213.bmp,0.0,1.0,0.0,0.0031298904,0.0012515645,0.0015649452,0.0,0.9937402,0.0,0.0015649452,0.002503129,1.0,0.0,0.9968701,0.0012515645,0.0015649452,0.0012515645,0.9984351,0.0012515645,0.9953052,0.002503129,0.9937402,0.0,0.9968701,0.0,0.9968701,0.0012515645,0.0015649452,0.002503129,0.0015649452,0.0,1.0,0.0012515645,0.0015649452,0.0012515645,0.0031298904,0.0,0.9953052
214.bmp,0.0,1.0,0.0,1.0,0.0012515645,0.006259781,0.0,0.9953052,0.0012515645,0.0031298904,0.005006258,1.0,0.0,0.9968701,0.0037546933,0.0,0.0,0.9984351,0.0,0.9984351,0.0,0.9984351,0.0,0.9968701,0.0,0.0,0.0012515645,1.0,0.0037546933,0.0031298904,0.002503129,0.0,0.0012515645,0.0,0.0,0.9984351,0.0,0.9968701
215.bmp,0.0,0.9984351,0.0,0.0015649452,0.0012515645,0.0015649452,0.0,0.9937402,0.0012515645,0.0015649452,0.002503129,0.9984351,0.0,0.9968701,0.0012515645,0.0015649452,0.0,0.0,0.0,0.9968701,0.0,0.0015649452,0.0,0.9968701,0.0,0.0015649452,0.0012515645,0.0,0.0037546933,0.0015649452,0.0,0.0,0.0012515645,0.0,0.0012515645,0.0015649452,0.0,0.9968701
216.bmp,0.0,0.0,0.0,0.0,0.0,0.0,0.0,0.9953052,0.0,0.0,0.0,0.0,0.0,0.0,0.0,0.0,0.0,0.0,0.0,0.0,0.0,0.0,0.0,0.0,0.0,0.0,0.0,0.0,0.0,0.0,0.0,1.0,0.0012515645,0.0,0.0,0.0,0.0,0.0
217.bmp,0.0,0.0,0.0,0.0015649452,0.0,0.0031298904,0.0,0.9953052,0.0012515645,0.0015649452,0.002503129,0.9984351,0.0,0.9968701,0.0012515645,0.0,0.0,0.0,0.0,1.0,0.0,0.9984351,0.0,0.9984351,0.0,0.0015649452,0.0,1.0,0.002503129,0.0,0.0012515645,0.0,0.0,0.0,0.0012515645,0.0031298904,0.0,0.9984351
218.bmp,0.0,1.0,0.0012515645,0.0031298904,0.0012515645,0.006259781,0.0,0.9953052,0.0,0.9984351,0.005006258,1.0,0.0,0.9968701,0.0037546933,0.0,0.0012515645,0.0,0.0,1.0,0.0,0.9984351,0.0,0.9984351,0.0,1.0,0.0,0.9984351,0.0,0.9984351,0.0,1.0,0.0,0.9984351,0.0,0.9984351,0.0,0.9984351
219.bmp,0.0,1.0,0.0,0.0,0.0012515645,0.006259781,0.0,0.9937402,0.0012515645,0.0031298904,0.005006258,0.9984351,0.0,0.9968701,0.005006258,0.0,0.0,0.9984351,0.0,0.9984351,0.0,0.9968701,0.0,0.9968701,0.55694616,0.9984351,0.002503129,0.0015649452,0.0037546933,0.0031298904,0.002503129,0.0,0.0012515645,0.0,0.002503129,0.006259781,0.0,0.9968701
220.bmp,0.0,1.0,0.0,0.0,0.0012515645,0.006259781,0.0,0.9937402,0.0012515645,0.0031298904,0.0,0.0,0.0,0.9968701,0.0037546933,0.0046948357,0.0,0.9968701,0.0,0.9984351,0.0,0.9968701,0.0,0.9953052,0.0,0.9984351,0.0,0.0046948357,0.002503129,0.0031298904,0.0,0.9984351,0.0,0.0,0.002503129,0.006259781,0.0,0.9968701
221.bmp,0.0,1.0,0.0,0.0,0.0012515645,0.006259781,0.0,0.9953052,0.0,0.9984351,0.005006258,0.9984351,0.0,0.9968701,0.0037546933,0.0,0.0,1.0,0.0,0.9984351,0.0,0.9968701,0.0,0.9968701,0.0,0.0,0.0,0.9984351,0.0,0.9984351,0.002503129,0.0,0.0,1.0,0.0,0.9984351,0.0,0.9968701
222.bmp,0.0,1.0,0.0,0.0,0.0012515645,0.0,0.0,0.9968701,0.0012515645,0.0,0.002503129,1.0,0.0,0.9968701,0.0012515645,0.0,0.0,0.0,0.0,1.0,0.0,0.9984351,0.0,0.9984351,0.0,0.0,0.0,1.0,0.002503129,0.0,0.0,1.0,0.0012515645,0.0,0.002503129,0.0,0.0,0.9984351
223.bmp,0.0,1.0,0.0,1.0,0.0012515645,0.006259781,0.0,0.9968701,0.0,0.9984351,0.005006258,0.9984351,0.0,0.9968701,0.0037546933,0.0,0.0,0.9984351,0.0,1.0,0.0,0.9984351,0.0,0.9968701,0.0,0.9984351,0.0,0.9984351,0.0037546933,0.0031298904,0.002503129,0.0,0.0,0.9984351,0.002503129,0.0046948357,0.0,0.9968701
224.bmp,0.0,0.9984351,0.0,0.9984351,0.0012515645,0.006259781,0.0,0.9953052,0.0,0.9984351,0.005006258,0.9984351,0.0,0.9968701,0.0037546933,0.0,0.0,0.9984351,0.0,0.9984351,0.0,0.9968701,0.0,0.9968701,0.0,0.9984351,0.0012515645,0.9984351,0.0037546933,0.0031298904,0.002503129,0.0,0.0012515645,0.0,0.002503129,0.0046948357,0.0,0.9968701
225.bmp,0.0,0.0,0.0,0.9984351,0.0012515645,0.0,0.0,0.9937402,0.0012515645,0.0,0.002503129,0.9984351,0.0,0.9968701,0.0012515645,0.0,0.0,1.0,0.0,0.9984351,0.0,0.9968701,0.0,0.9968701,0.0,0.0,0.0012515645,0.0015649452,0.0037546933,0.0,0.0,1.0,0.0012515645,0.0,0.0012515645,0.0015649452,0.0,0.9968701
226.bmp,0.0,1.0,0.0,0.0,0.0012515645,0.006259781,0.0,0.9937402,0.0,0.9984351,0.005006258,1.0,0.0,0.9968701,0.005006258,0.0,0.0,0.9984351,0.0,0.9984351,0.0,0.9984351,0.0,0.9968701,0.0,0.9984351,0.0012515645,0.9984351,0.002503129,0.0031298904,0.002503129,0.0015649452,0.0012515645,0.0,0.002503129,0.006259781,0.0,0.9968701
227.bmp,0.0,1.0,0.0,0.0031298904,0.0012515645,0.006259781,0.0012515645,0.9937402,0.0,0.0,0.0037546933,1.0,0.0,0.9968701,0.0062578223,0.0,0.0,0.9984351,0.0,0.9984351,0.0,0.9984351,0.0,0.9968701,0.0,0.0,0.0,1.0,0.002503129,0.0031298904,0.0012515645,1.0,0.0,0.0,0.002503129,0.006259781,0.0,0.9984351
228.bmp,0.0,1.0,0.0,0.9984351,0.0012515645,0.006259781,0.0,0.9937402,0.0012515645,0.9984351,0.005006258,0.9984351,0.0,0.9968701,0.005006258,0.0,0.0,1.0,0.0,0.9984351,0.0,0.9968701,0.0,0.9968701,0.0,1.0,0.0,0.0015649452,0.002503129,0.0031298904,0.0037546933,0.0,0.0,1.0,0.002503129,0.0046948357,0.0012515645,0.9953052
229.bmp,0.0,1.0,0.0,0.9984351,0.0012515645,0.007824726,0.0,0.9953052,0.0012515645,0.9984351,0.005006258,1.0,0.0,0.9968701,0.0037546933,0.0,0.0,0.9968701,0.0,0.9984351,0.0,0.9984351,0.0,0.9968701,0.0,0.9984351,0.0012515645,0.9984351,0.0037546933,0.0031298904,0.002503129,0.0015649452,0.0012515645,0.0,0.002503129,0.0046948357,0.0,0.9968701
230.bmp,0.0,1.0,0.0,1.0,0.0012515645,0.006259781,0.0,0.9953052,0.0012515645,0.0031298904,0.005006258,1.0,0.0,0.9968701,0.0037546933,0.0,0.0,0.9984351,0.0,1.0,0.0,0.9984351,0.0,0.9968701,0.0,0.0,0.002503129,0.0015649452,0.0037546933,0.0031298904,0.002503129,0.0015649452,0.0012515645,0.0,0.0037546933,0.006259781,0.0,0.9984351
231.bmp,0.0,0.9984351,0.0,0.0015649452,0.0012515645,0.0015649452,0.0,0.9921753,0.0,1.0,0.0037546933,0.9968701,0.0012515645,0.9937402,0.0012515645,0.0015649452,0.0,0.0,0.0,0.9984351,0.0,0.0,0.0012515645,0.9968701,0.0,0.9953052,0.0012515645,0.0,0.0037546933,0.0,0.0,0.0,0.0012515645,0.0,0.0012515645,0.0015649452,0.0012515645,0.9937402
232.bmp,0.0012515645,0.0046948357,0.0,0.0031298904,0.0,0.0015649452,0.0,0.9953052,0.0012515645,0.0,0.0037546933,0.9968701,0.0,0.9968701,0.0012515645,0.0015649452,0.0,0.9984351,0.0,0.0,0.0,0.0,0.0,0.0015649452,0.0,0.0,0.0012515645,0.0015649452,0.002503129,0.0,0.0012515645,1.0,0.0012515645,0.0,0.0012515645,0.0,0.0,1.0
233.bmp,0.0,1.0,0.0,0.0031298904,0.0012515645,0.0015649452,0.0,0.9937402,0.0012515645,0.0015649452,0.005006258,0.9984351,0.0012515645,0.9968701,0.002503129,0.0031298904,0.0012515645,0.9984351,0.0,0.9984351,0.002503129,0.9937402,0.0,0.9968701,0.0,0.0,0.0012515645,0.0015649452,0.0037546933,0.0015649452,0.002503129,0.0015649452,0.0012515645,0.0015649452,0.002503129,0.0046948357,0.0012515645,0.9953052
234.bmp,0.0,0.9984351,0.0,0.0,0.0012515645,0.006259781,0.0,0.9953052,0.0,0.9984351,0.005006258,0.9984351,0.0,0.9968701,0.0037546933,0.0,0.0,0.9984351,0.0,1.0,0.0,0.9968701,0.0,0.9968701,0.0,0.0,0.0012515645,0.0015649452,0.002503129,0.0031298904,0.002503129,0.0,0.0012515645,0.0,0.002503129,0.006259781,0.0,0.9968701
235.bmp,0.0,0.0015649452,0.0,0.0,0.0,0.0015649452,0.0012515645,0.9937402,0.0,0.0015649452,0.0012515645,0.0,0.0,0.0,0.0012515645,0.0015649452,0.0,1.0,0.0,0.0,0.0,0.9953052,0.0,0.0,0.0,0.9984351,0.0012515645,0.0015649452,0.002503129,0.0015649452,0.0,0.0,0.0,0.0015649452,0.002503129,0.0015649452,0.0,0.9953052
236.bmp,0.0,0.9984351,0.0,0.0031298904,0.0012515645,0.006259781,0.002503129,0.9921753,0.0012515645,0.0015649452,0.0,0.0,0.0012515645,0.9953052,0.005006258,0.0,0.0,0.9968701,0.0,0.9984351,0.002503129,0.9937402,0.002503129,0.9953052,0.0,0.9968701,0.0,0.0,0.0037546933,0.0015649452,0.0037546933,0.0,0.0,1.0,0.002503129,0.0046948357,0.0,0.9968701
237.bmp,0.0,1.0,0.0012515645,0.0031298904,0.0012515645,0.006259781,0.0,0.9953052,0.0,0.9984351,0.005006258,0.9984351,0.0,0.9968701,0.0037546933,0.0,0.0012515645,0.0,0.0,0.9984351,0.0,0.9984351,0.0,0.9968701,0.0,1.0,0.0,0.9984351,0.0,0.9984351,0.0,1.0,0.0012515645,0.0,0.0,0.9984351,0.0,0.9984351
238.bmp,0.0,1.0,0.0,0.0015649452,0.0,0.0015649452,0.0012515645,0.9921753,0.0,0.0015649452,0.0012515645,0.0,0.0,0.9968701,0.0037546933,0.0,0.0,0.0,0.0,1.0,0.0,0.9968701,0.0,0.9968701,0.0,0.0015649452,0.0012515645,0.0015649452,0.002503129,0.0015649452,0.0012515645,0.0,0.0,0.0,0.002503129,0.0,0.0,0.9968701
239.bmp,0.0,1.0,0.0,1.0,0.0012515645,0.006259781,0.0,0.9953052,0.0012515645,0.0031298904,0.0,0.0,0.0,0.9968701,0.005006258,0.0,0.0,0.9984351,0.0,0.9984351,0.0,0.9984351,0.0,0.9968701,0.0,0.0,0.0012515645,0.9984351,0.0,0.9984351,0.0037546933,0.0015649452,0.0012515645,0.0,0.0037546933,0.006259781,0.0,0.9984351
240.bmp,0.0,1.0,0.0,0.0031298904,0.0012515645,0.006259781,0.0012515645,0.9937402,0.0012515645,0.9984351,0.0,0.0,0.0,0.9968701,0.002503129,0.0031298904,0.0012515645,0.9984351,0.0,0.9984351,0.0012515645,0.9968701,0.0,0.9968701,0.0,0.9984351,0.0012515645,0.0015649452,0.002503129,0.0015649452,0.002503129,0.0,0.0012515645,0.0015649452,0.002503129,0.0046948357,0.0012515645,0.9953052
241.bmp,0.0,0.0031298904,0.0,0.0015649452,0.0012515645,0.0015649452,0.0,0.9921753,0.0012515645,0.0,0.002503129,0.9968701,0.0,0.9953052,0.0,0.0015649452,0.0,0.9984351,0.0,0.9984351,0.0,0.0,0.0,0.9968701,0.0,0.0015649452,0.0,0.0,0.0037546933,0.0,0.0,0.0,0.0012515645,0.0,0.002503129,0.0015649452,0.0,0.9968701
242.bmp,0.0,1.0,0.0,0.0015649452,0.0,0.0015649452,0.0012515645,0.9937402,0.0012515645,0.0015649452,0.0,0.0,0.0,0.9968701,0.002503129,0.0031298904,0.0,0.9984351,0.0,0.9984351,0.0,0.9984351,0.0,0.9968701,0.0,0.9984351,0.0012515645,0.0,0.002503129,0.0015649452,0.002503129,0.0015649452,0.0,0.0,0.002503129,0.0046948357,0.0012515645,0.9953052
243.bmp,0.0,0.0,0.0,0.0,0.0,0.0,0.0,0.0,0.0,0.0,0.005006258,0.9968701,0.0,0.9968701,0.0,0.0015649452,0.0,0.0,0.0,0.0,0.0,0.0,0.0,0.0,0.0,0.0,0.0012515645,0.0015649452,0.0037546933,0.0015649452,0.0,0.0,0.0,1.0,0.002503129,0.0031298904,0.0012515645,0.0
244.bmp,0.0,1.0,0.0,0.0031298904,0.0012515645,0.0015649452,0.0,0.9937402,0.0012515645,0.0015649452,0.002503129,0.9984351,0.0,0.0,0.0012515645,0.0031298904,0.0012515645,0.9984351,0.0,0.9984351,0.0,0.0015649452,0.0,0.9968701,0.0,0.9968701,0.0012515645,0.0015649452,0.0037546933,0.0015649452,0.002503129,0.0,0.0012515645,0.0015649452,0.002503129,0.0031298904,0.0,0.9953052
245.bmp,0.0,1.0,0.002503129,0.9984351,0.0012515645,0.006259781,0.0012515645,0.9937402,0.0012515645,0.0031298904,0.0,0.0,0.0,0.9968701,0.002503129,0.0031298904,0.0012515645,0.9984351,0.0,0.9984351,0.002503129,0.9968701,0.0,0.9968701,0.0,0.9984351,0.0,0.0015649452,0.002503129,0.0015649452,0.002503129,0.0,0.0012515645,0.0015649452,0.002503129,0.0046948357,0.0,0.9968701
246.bmp,0.0,1.0,0.0,0.0015649452,0.0012515645,0.0031298904,0.0,0.9937402,0.0,0.0015649452,0.005006258,0.9968701,0.0,0.9968701,0.002503129,0.0015649452,0.0,0.9984351,0.0,0.9984351,0.0,0.9953052,0.0,0.9968701,0.0,0.0,0.0012515645,0.0,0.0037546933,0.0015649452,0.002503129,0.0,0.0012515645,0.0,0.0037546933,0.0031298904,0.0,0.9968701
247.bmp,0.0,1.0,0.0,0.9984351,0.0012515645,0.007824726,0.0012515645,0.9937402,0.0,0.9968701,0.005006258,0.9984351,0.0,0.9968701,0.005006258,0.0,0.0,0.9984351,0.0012515645,0.9984351,0.0012515645,0.9968701,0.0,0.9968701,0.0,0.9984351,0.0012515645,0.9984351,0.0037546933,0.0031298904,0.0037546933,0.0015649452,0.0012515645,0.0,0.005006258,0.0,0.0,0.9968701
248.bmp,0.0,1.0,0.0,0.0,0.0,0.0015649452,0.0,0.9953052,0.0,0.0,0.0012515645,0.0,0.0,0.9968701,0.0,0.0015649452,0.0,0.0,0.0,1.0,0.0,0.0,0.0,0.0015649452,0.0,0.0015649452,0.0012515645,0.0015649452,0.0,0.0015649452,0.0012515645,0.0,0.0,0.0,0.0012515645,0.0015649452,0.0012515645,0.0
249.bmp,0.0,0.9984351,0.0,0.0,0.0012515645,0.006259781,0.002503129,0.9921753,0.002503129,0.0015649452,0.0037546933,0.9984351,0.0012515645,0.9953052,0.002503129,0.0015649452,0.0,0.9984351,0.0,0.9984351,0.0012515645,0.9968701,0.0,0.9953052,0.0,0.9968701,0.0012515645,0.0015649452,0.0037546933,0.0015649452,0.0012515645,1.0,0.0012515645,0.0,0.0012515645,0.0031298904,0.0,0.9968701
250.bmp,0.0,1.0,0.0,0.9984351,0.0,0.006259781,0.0,0.9921753,0.0,0.0015649452,0.0037546933,0.9968701,0.0,0.9953052,0.0037546933,0.0,0.0,0.9984351,0.0,0.9984351,0.0012515645,0.9953052,0.0,0.9968701,0.0,1.0,0.0012515645,0.0,0.002503129,0.0015649452,0.002503129,0.0,0.0,0.0,0.005006258,0.0,0.0,0.9953052
251.bmp,0.0,0.0,0.0,0.0015649452,0.0012515645,0.0031298904,0.0,0.9937402,0.0,0.0,0.002503129,0.9984351,0.0,0.9968701,0.0012515645,0.0015649452,0.0,0.9984351,0.0,1.0,0.0,0.9984351,0.0,0.0015649452,0.0,0.0,0.0,0.0015649452,0.002503129,0.0015649452,0.0012515645,0.0,0.0012515645,0.0,0.0012515645,0.0031298904,0.0,0.9968701
252.bmp,0.0,0.9984351,0.0,0.9984351,0.0012515645,0.006259781,0.0,0.9953052,0.0012515645,0.0031298904,0.005006258,0.9984351,0.0,0.9968701,0.005006258,0.0,0.0,0.9984351,0.0,0.9984351,0.0,0.9968701,0.0,0.9968701,0.0,0.9984351,0.0012515645,0.9984351,0.0037546933,0.0031298904,0.0,0.9984351,0.0012515645,0.0,0.002503129,0.006259781,0.0,0.9968701
253.bmp,0.0,0.0031298904,0.0,0.0,0.0012515645,0.0015649452,0.0,0.0,0.0,0.0,0.0012515645,0.9984351,0.0,0.0,0.0,0.0,0.0,0.0,0.0,0.0,0.0,0.0,0.0,0.0,0.0,0.0015649452,0.0,0.0,0.0012515645,1.0,0.0,0.0,0.0,0.0,0.0012515645,0.0015649452,0.0,0.9984351
254.bmp,0.0,1.0,0.0,0.0015649452,0.0012515645,0.0031298904,0.0,0.9937402,0.0012515645,0.0,0.002503129,1.0,0.0,0.9968701,0.002503129,0.0015649452,0.0,0.9984351,0.0,1.0,0.0,0.9953052,0.0,0.9968701,0.0,0.0,0.0012515645,0.0,0.002503129,0.0031298904,0.002503129,0.0,0.0012515645,0.0,0.0012515645,0.0031298904,0.0012515645,0.9953052
255.bmp,0.0,1.0,0.0,0.0015649452,0.0012515645,0.006259781,0.0,0.9953052,0.0012515645,0.0015649452,0.0037546933,0.9984351,0.0,0.9968701,0.0037546933,0.0,0.0,0.9984351,0.0,0.9984351,0.0,0.9984351,0.0,0.9968701,0.0,0.9984351,0.0,0.0015649452,0.002503129,0.0015649452,0.0012515645,0.0,0.0,0.0,0.0012515645,0.0046948357,0.0,0.9968701
256.bmp,0.0,1.0,0.0,0.0015649452,0.0012515645,0.0015649452,0.0,0.9953052,0.0,0.0015649452,0.0037546933,0.9984351,0.0,0.9968701,0.0012515645,0.0015649452,0.0,0.9984351,0.0,0.9984351,0.0,0.9984351,0.0,0.9968701,0.0,0.0,0.0012515645,0.0015649452,0.002503129,0.0015649452,0.0012515645,0.0,0.0012515645,0.0015649452,0.0012515645,0.0031298904,0.0,0.9968701
257.bmp,0.0,1.0,0.0,0.9984351,0.0,0.0046948357,0.0,0.9953052,0.0,0.0,0.0,0.0,0.0,0.9968701,0.002503129,0.0,0.0,0.9984351,0.0,1.0,0.0,0.9984351,0.0,0.9968701,0.0,0.9984351,0.0,0.9984351,0.002503129,0.0015649452,0.0,1.0,0.0,0.0,0.0012515645,0.0031298904,0.0,0.9984351
258.bmp,0.0,1.0,0.0,0.0,0.0012515645,0.006259781,0.0012515645,0.9937402,0.0012515645,0.0015649452,0.0037546933,0.9984351,0.0,0.9968701,0.002503129,0.0,0.0,1.0,0.0,1.0,0.0012515645,0.9953052,0.0012515645,0.9968701,0.0,0.9984351,0.0012515645,0.0015649452,0.0037546933,0.0,0.0012515645,1.0,0.0012515645,0.0,0.0012515645,0.0031298904,0.0,0.9984351
259.bmp,0.0,0.0031298904,0.0,0.0015649452,0.0,0.0015649452,0.0,0.9937402,0.0,0.0,0.002503129,0.9968701,0.0,0.9968701,0.0,0.0,0.0,0.0015649452,0.0,1.0,0.0,0.9968701,0.0,0.9984351,0.5394243,1.0,0.0,0.0015649452,0.0037546933,0.0,0.0,1.0,0.0012515645,0.9984351,0.0012515645,0.0,0.0,0.9968701
260.bmp,0.0,1.0,0.0012515645,0.0031298904,0.0012515645,0.0,0.0,0.9968701,0.0,0.9984351,0.0037546933,1.0,0.0,0.9968701,0.002503129,0.0,0.0012515645,0.0,0.0,1.0,0.0,0.9984351,0.0,0.9984351,0.0,1.0,0.0,0.9984351,0.0,0.9984351,0.0,1.0,0.0,0.9984351,0.0,0.9984351,0.0,0.9984351
261.bmp,0.0,0.9984351,0.0,0.9984351,0.0,0.0015649452,0.0,0.9953052,0.0012515645,0.0015649452,0.002503129,1.0,0.0,0.9968701,0.002503129,0.0,0.0,0.9984351,0.0,0.9984351,0.0,0.9984351,0.0,0.9968701,0.0,0.9984351,0.0,0.9984351,0.002503129,0.9984351,0.0012515645,0.0,0.0,0.9984351,0.0,0.9984351,0.0,0.9968701
262.bmp,0.0,1.0,0.0012515645,0.9984351,0.0,0.0015649452,0.0012515645,0.9937402,0.0012515645,0.9984351,0.005006258,0.9984351,0.0,0.9968701,0.005006258,0.0015649452,0.0,0.9984351,0.0,0.9984351,0.0,0.9984351,0.0,0.9968701,0.0,0.9984351,0.0,0.0046948357,0.002503129,0.0031298904,0.002503129,0.0015649452,0.0,0.0,0.002503129,0.006259781,0.0,0.9984351
263.bmp,0.0,0.0015649452,0.0,0.0,0.0012515645,0.0015649452,0.0,0.9937402,0.0012515645,0.0,0.002503129,0.9968701,0.0,0.9953052,0.0,0.0015649452,0.0,0.0,0.0012515645,1.0,0.0,0.9984351,0.0,0.9968701,0.0,0.0,0.0,0.0,0.002503129,1.0,0.0012515645,0.0,0.0012515645,0.0,0.0,0.0015649452,0.0,0.9968701
264.bmp,0.0,0.9984351,0.0,0.9984351,0.0012515645,0.006259781,0.0,0.9953052,0.0012515645,0.9984351,0.005006258,0.9984351,0.0,0.9968701,0.0037546933,0.0,0.0,0.9984351,0.0,0.9984351,0.0,0.9984351,0.0,0.9968701,0.0,0.9984351,0.0012515645,0.9984351,0.0037546933,0.0031298904,0.002503129,0.0,0.0,1.0,0.002503129,0.0046948357,0.0,0.9968701
265.bmp,0.0,1.0,0.0,0.9984351,0.0012515645,0.006259781,0.0,0.9953052,0.0,0.9984351,0.005006258,0.9984351,0.0,0.9968701,0.0037546933,0.0,0.0,0.9984351,0.0,0.9984351,0.0,0.9968701,0.0,0.9968701,0.0,0.9984351,0.0012515645,0.0015649452,0.002503129,0.0015649452,0.002503129,0.0,0.0012515645,0.0,0.002503129,0.0046948357,0.0,0.9968701
266.bmp,0.0,1.0,0.0,1.0,0.0012515645,0.006259781,0.0,0.9953052,0.0012515645,0.9984351,0.0037546933,1.0,0.0,0.9968701,0.002503129,0.0,0.0,0.9984351,0.0,0.9984351,0.0,0.9984351,0.0,0.9968701,0.0,0.0,0.0,0.9984351,0.0037546933,0.0015649452,0.002503129,0.0,0.0,1.0,0.0,0.9984351,0.0,0.9984351
267.bmp,0.0,0.0031298904,0.0,0.0,0.0012515645,0.0015649452,0.0,0.9937402,0.0012515645,0.0,0.0012515645,0.9968701,0.0,0.9968701,0.0,0.0015649452,0.0,0.0,0.0,0.9968701,0.0,0.0,0.0,0.9968701,0.0,0.0,0.0,0.0,0.002503129,0.0,0.0,0.0,0.0012515645,0.0,0.002503129,0.0015649452,0.0,0.9968701
268.bmp,0.0012515645,0.0,0.0,0.0,0.0012515645,0.0015649452,0.0,0.9937402,0.0,1.0,0.002503129,0.9968701,0.0,0.9953052,0.0,0.0,0.0,0.0,0.0,0.0,0.0,0.9984351,0.0,0.9968701,0.0,0.0015649452,0.0,0.0,0.002503129,0.9984351,0.0,0.0,0.0,0.9984351,0.0,0.0015649452,0.0,0.9968701
269.bmp,0.0,1.0,0.0012515645,0.0015649452,0.0012515645,0.0046948357,0.0,0.9937402,0.0012515645,0.0015649452,0.0,0.0,0.0,0.9968701,0.002503129,0.0,0.0,0.9984351,0.0,0.9984351,0.0012515645,0.9953052,0.0,0.9968701,0.0,0.9968701,0.0012515645,0.0,0.0037546933,0.0015649452,0.0012515645,1.0,0.0,1.0,0.002503129,0.0031298904,0.0,0.9984351
270.bmp,0.0,0.0,0.0,0.0,0.0,0.0,0.0,0.0,0.0,0.0,0.0,0.0,0.0,0.0,0.0,0.0,0.0,0.0,0.0,1.0,0.0,0.0,0.0,0.0,0.0,0.0,0.0,0.0,0.0012515645,0.0,0.0,0.0,0.0,0.0,0.0,0.0,0.0,0.0
271.bmp,0.0,1.0,0.0,0.0,0.0012515645,0.006259781,0.0012515645,0.9937402,0.0,0.0031298904,0.0,0.0,0.0,0.9968701,0.0037546933,0.0031298904,0.0,0.9984351,0.0,0.9984351,0.0012515645,0.9953052,0.0012515645,0.9968701,0.0,0.9968701,0.002503129,0.0015649452,0.0,0.0,0.002503129,0.0015649452,0.0012515645,0.0,0.002503129,0.0046948357,0.0,0.9968701
272.bmp,0.0,1.0,0.0,0.0031298904,0.0012515645,0.006259781,0.002503129,0.9921753,0.0012515645,0.0031298904,0.0,0.0,0.0012515645,0.9953052,0.005006258,0.0,0.0,0.9968701,0.0,0.9968701,0.0012515645,0.9953052,0.002503129,0.9953052,0.0,0.9984351,0.0012515645,0.0015649452,0.0037546933,0.0015649452,0.002503129,0.0,0.0,0.0,0.002503129,0.006259781,0.0,0.9968701
273.bmp,0.0,1.0,0.0,0.0,0.0012515645,0.006259781,0.0012515645,0.9921753,0.0012515645,0.0015649452,0.005006258,0.9968701,0.0012515645,0.9953052,0.0037546933,0.0,0.0,0.9984351,0.0,0.9984351,0.0012515645,0.9953052,0.0012515645,0.9953052,0.0,0.9968701,0.0012515645,0.0015649452,0.002503129,0.0015649452,0.002503129,0.0,0.0012515645,0.0,0.0012515645,0.0031298904,0.0012515645,0.9937402
274.bmp,0.0,1.0,0.0,0.0015649452,0.0,0.0031298904,0.0,0.9921753,0.0012515645,0.0,0.0037546933,0.9968701,0.0,0.9953052,0.002503129,0.0,0.0,0.0,0.0,0.9984351,0.0012515645,0.9968701,0.0,0.9968701,0.58322906,0.0,0.0012515645,0.0,0.0037546933,0.0,0.0012515645,1.0,0.0,1.0,0.002503129,0.0031298904,0.0,0.9968701
275.bmp,0.0,1.0,0.002503129,0.9968701,0.0012515645,0.006259781,0.002503129,0.9921753,0.0012515645,0.9984351,0.0,0.0,0.0012515645,0.9953052,0.0062578223,0.0,0.0,0.9968701,0.0,0.9984351,0.002503129,0.9937402,0.002503129,0.9953052,0.0,0.9968701,0.0012515645,0.0,0.0037546933,0.0031298904,0.0037546933,0.0,0.0012515645,0.0015649452,0.002503129,0.0046948357,0.0012515645,0.9937402
276.bmp,0.0012515645,0.0,0.0,0.9984351,0.0012515645,0.006259781,0.0,0.9937402,0.0012515645,0.9984351,0.005006258,0.9984351,0.0,0.9968701,0.0037546933,0.0015649452,0.0,0.9984351,0.0,0.9984351,0.0,0.9968701,0.0,0.9968701,0.5394243,0.0,0.0,1.0,0.002503129,0.0015649452,0.002503129,0.0,0.0,0.0,0.0012515645,0.0046948357,0.0,0.9968701
277.bmp,0.0,1.0,0.0,0.0031298904,0.0012515645,0.006259781,0.0012515645,0.9937402,0.0012515645,0.0031298904,0.0037546933,1.0,0.0,0.9968701,0.0037546933,0.0015649452,0.0,0.9984351,0.0,0.9984351,0.0012515645,0.9953052,0.0,0.9968701,0.0,0.9984351,0.0,0.0046948357,0.002503129,0.0015649452,0.002503129,0.0015649452,0.0012515645,0.0,0.0012515645,0.0046948357,0.0,0.9968701
278.bmp,0.0,1.0,0.0,0.0,0.0012515645,0.0015649452,0.0,0.9937402,0.0,1.0,0.0037546933,0.9968701,0.0,0.9968701,0.0012515645,0.0,0.0,0.0,0.0,0.0,0.0,0.9953052,0.0,0.9968701,0.0,0.0015649452,0.0012515645,0.0,0.0037546933,0.0,0.0,0.0,0.0,1.0,0.0012515645,0.0015649452,0.0,0.9953052
279.bmp,0.0,1.0,0.0,0.0015649452,0.0,0.0015649452,0.0012515645,0.9937402,0.0012515645,0.0015649452,0.002503129,0.9984351,0.0,0.9968701,0.0012515645,0.0015649452,0.0,0.9984351,0.0,0.9984351,0.0012515645,0.9953052,0.0012515645,0.9968701,0.0,0.9968701,0.0,0.0015649452,0.002503129,0.0,0.002503129,0.0,0.0012515645,0.0,0.0012515645,0.0031298904,0.0012515645,0.9953052
280.bmp,0.0,1.0,0.0012515645,0.9984351,0.0,0.0015649452,0.0,0.9937402,0.0012515645,0.9984351,0.0,0.0,0.0012515645,0.9953052,0.005006258,0.0,0.0,0.9984351,0.0,0.9984351,0.0012515645,0.9953052,0.0,0.9968701,0.0,0.9968701,0.002503129,0.0015649452,0.002503129,0.0031298904,0.002503129,0.0,0.0,0.0,0.002503129,0.006259781,0.0012515645,0.9953052
281.bmp,0.0,1.0,0.0,0.0015649452,0.0,0.0015649452,0.0,0.9937402,0.0,0.0015649452,0.0037546933,0.9984351,0.0,0.9953052,0.005006258,0.0,0.0,0.9984351,0.0,0.9984351,0.0012515645,0.9953052,0.0,0.9968701,0.0,0.9968701,0.0012515645,0.0,0.002503129,0.0031298904,0.002503129,0.0,0.0,0.0,0.0012515645,0.0046948357,0.0,0.9984351
282.bmp,0.0,0.0,0.0,0.0015649452,0.0012515645,0.0,0.0,0.9953052,0.0,0.9984351,0.0037546933,0.9984351,0.0,0.9968701,0.002503129,0.0,0.0,0.0,0.0,0.9984351,0.0,0.9968701,0.0,0.9968701,0.0,0.0,0.0,0.0015649452,0.0037546933,0.0015649452,0.0012515645,0.0,0.0012515645,0.0,0.002503129,0.0,0.0,0.9984351
283.bmp,0.0,1.0,0.0,1.0,0.0,0.0015649452,0.0,0.9968701,0.0,1.0,0.0037546933,1.0,0.0,0.9984351,0.002503129,0.0,0.0,0.0,0.0,1.0,0.0,0.9984351,0.0,0.9984351,0.0,0.0,0.0,1.0,0.002503129,0.9984351,0.0,1.0,0.0,1.0,0.002503129,0.0046948357,0.0,0.9984351
284.bmp,0.0,1.0,0.0,0.0,0.0,0.0,0.0,0.9968701,0.0012515645,0.0,0.002503129,0.9984351,0.0,0.9968701,0.0012515645,0.0,0.0,0.0,0.0,0.9984351,0.0,0.9953052,0.0,0.0,0.0,0.0015649452,0.0,1.0,0.0,0.9984351,0.0,0.0,0.0,0.9968701,0.0012515645,1.0,0.0,0.9968701
285.bmp,0.0,1.0,0.0012515645,0.9984351,0.0012515645,0.006259781,0.0012515645,0.9937402,0.0012515645,0.9984351,0.0,0.0,0.0,0.9968701,0.002503129,0.0015649452,0.0,0.9984351,0.0,0.9984351,0.0012515645,0.9953052,0.0,0.9968701,0.0,0.9984351,0.0,0.0015649452,0.002503129,0.0,0.0012515645,1.0,0.0012515645,0.0,0.0012515645,0.0031298904,0.0012515645,0.9953052
286.bmp,0.0,0.0031298904,0.0,0.0,0.0012515645,0.0015649452,0.0,0.9953052,0.0,1.0,0.002503129,0.9968701,0.0,0.9953052,0.0,0.0015649452,0.0,0.0,0.0,0.0,0.0012515645,0.9953052,0.0012515645,0.0015649452,0.0,0.0015649452,0.0,0.0,0.002503129,0.0,0.0012515645,0.0,0.0012515645,0.0,0.002503129,0.0015649452,0.0012515645,0.9968701
287.bmp,0.0,0.0,0.0,0.9984351,0.0,0.0015649452,0.0,0.9937402,0.0,0.0031298904,0.005006258,1.0,0.0,0.9968701,0.005006258,0.0015649452,0.0,0.9984351,0.0,0.9984351,0.0,0.9968701,0.0,0.9968701,0.0,0.9984351,0.0012515645,0.0,0.002503129,0.0046948357,0.0,0.9984351,0.0,0.0,0.002503129,0.006259781,0.0,0.9968701
288.bmp,0.0,1.0,0.0,0.0031298904,0.0012515645,0.0,0.0,0.9937402,0.0012515645,0.0,0.002503129,0.9984351,0.0,0.9968701,0.0012515645,0.0,0.0,0.0,0.0,0.9984351,0.0,0.9968701,0.0,0.9968701,0.0,0.9984351,0.0,0.0015649452,0.0037546933,0.0,0.0012515645,0.0,0.0012515645,0.0,0.002503129,0.0,0.0,0.9953052
289.bmp,0.0,1.0,0.0,0.0,0.0,0.0015649452,0.0,0.9921753,0.0012515645,0.0,0.0012515645,0.0,0.0,0.9953052,0.002503129,0.0,0.0,0.0,0.0,0.9984351,0.0,0.9968701,0.0,0.9953052,0.5744681,1.0,0.0012515645,1.0,0.0037546933,0.0,0.0,1.0,0.0,1.0,0.0037546933,0.0,0.0,0.9984351
290.bmp,0.0,0.0,0.0,0.0,0.0,0.0,0.0,0.0,0.0,0.0,0.0012515645,0.0,0.0,0.9968701,0.0,0.0,0.0,0.0,0.0,0.0,0.0,0.0,0.0,0.0,0.0,0.0,0.0012515645,0.0,0.0,0.0,0.0012515645,0.0,0.0,1.0,0.0012515645,0.0,0.0012515645,0.0
291.bmp,0.0,1.0,0.0,0.0015649452,0.0,0.0015649452,0.0,0.9937402,0.0,0.0015649452,0.0037546933,0.9984351,0.0,0.9968701,0.002503129,0.0,0.0,1.0,0.0,1.0,0.0,0.9984351,0.0,0.9968701,0.0,1.0,0.0012515645,0.0015649452,0.0037546933,0.0015649452,0.0012515645,1.0,0.0,1.0,0.0012515645,0.0015649452,0.0012515645,0.9953052
292.bmp,0.0012515645,1.0,0.0,0.9984351,0.0012515645,0.007824726,0.0,0.9953052,0.0012515645,0.9984351,0.0062578223,0.9984351,0.0,0.9984351,0.002503129,1.0,0.0,0.9984351,0.0012515645,0.9984351,0.0012515645,0.9984351,0.0012515645,0.9968701,0.0,0.9984351,0.0037546933,1.0,0.0037546933,1.0,0.0037546933,0.0,0.0012515645,0.9984351,0.002503129,0.9984351,0.0,0.9984351
293.bmp,0.0,1.0,0.0012515645,0.0031298904,0.0012515645,0.0,0.0,1.0,0.0,1.0,0.005006258,0.9984351,0.0,0.9968701,0.005006258,0.0015649452,0.0,1.0,0.0,1.0,0.0,0.9984351,0.0,0.9968701,0.0,0.0,0.002503129,1.0,0.0,1.0,0.0037546933,0.0,0.0,0.9984351,0.0,1.0,0.0,0.9984351
294.bmp,0.0,1.0,0.0,0.0015649452,0.0,0.0015649452,0.0012515645,0.9937402,0.0012515645,0.0015649452,0.0,0.0,0.0,0.9968701,0.002503129,0.0,0.0,0.9984351,0.0,0.9984351,0.0012515645,0.9968701,0.0,0.9968701,0.0,0.9984351,0.0012515645,0.0015649452,0.002503129,0.0015649452,0.0012515645,0.0,0.0,0.0,0.0012515645,0.0031298904,0.0,0.9968701
295.bmp,0.0,1.0,0.0012515645,0.9984351,0.0012515645,0.006259781,0.0,0.9937402,0.0012515645,0.9984351,0.0037546933,0.9984351,0.0,0.9968701,0.002503129,0.0031298904,0.0,0.9984351,0.0,0.9984351,0.0,0.9984351,0.0,0.9968701,0.0,0.9984351,0.0,0.0046948357,0.002503129,0.0031298904,0.002503129,0.0,0.002503129,0.9984351,0.002503129,0.0046948357,0.0,0.9968701
296.bmp,0.0,0.9984351,0.0,0.9984351,0.0012515645,0.006259781,0.0,0.9953052,0.0012515645,0.0015649452,0.0037546933,0.9984351,0.0,0.9968701,0.002503129,0.0,0.0,1.0,0.0,0.9984351,0.0,0.9968701,0.0,0.9968701,0.0,0.0015649452,0.0012515645,0.0015649452,0.0037546933,0.0015649452,0.002503129,0.0,0.0012515645,0.0,0.0012515645,0.0031298904,0.0,0.9968701
297.bmp,0.0,0.0,0.0,0.9984351,0.0,0.006259781,0.0,0.9953052,0.0,0.0031298904,0.0037546933,0.9984351,0.0,0.9968701,0.002503129,0.0031298904,0.0,0.9984351,0.0,0.9984351,0.0,0.9968701,0.0,0.9968701,0.0,0.9984351,0.0012515645,0.0,0.002503129,0.0015649452,0.0,1.0,0.0,0.0,0.0012515645,0.0046948357,0.0,0.9968701
298.bmp,0.0,0.9984351,0.0,0.0015649452,0.0,0.0015649452,0.0,0.9937402,0.0012515645,0.0015649452,0.0,0.0,0.0,0.9968701,0.0012515645,0.0015649452,0.0,0.9984351,0.0012515645,1.0,0.0,0.9984351,0.0,0.9968701,0.55694616,0.9984351,0.0,0.0015649452,0.002503129,0.0,0.0012515645,0.0,0.0,0.0,0.0012515645,0.0031298904,0.0012515645,0.9953052
299.bmp,0.0,0.9984351,0.0,0.0,0.0012515645,0.006259781,0.0012515645,0.9921753,0.0012515645,0.0015649452,0.002503129,0.9984351,0.0,0.9953052,0.0012515645,0.0,0.0,0.9968701,0.0,0.9984351,0.0012515645,0.9937402,0.0,0.9953052,0.0,0.9968701,0.0012515645,0.0015649452,0.0037546933,0.0,0.0,1.0,0.0,0.0,0.0012515645,0.0031298904,0.0012515645,0.9937402
300.bmp,0.0062578223,0.9968701,0.0075093866,0.9953052,0.0075093866,0.9984351,0.0062578223,0.9937402,0.0075093866,0.9953052,0.008760951,0.9968701,0.0075093866,0.9953052,0.008760951,0.9984351,0.005006258,0.9984351,0.0075093866,0.9968701,0.0062578223,0.9968701,0.0075093866,0.9953052,0.005006258,0.9968701,0.0075093866,0.9984351,0.008760951,0.9968701,0.0075093866,0.9984351,0.0075093866,0.9953052,0.0075093866,0.9984351,0.0062578223,0.9953052
